Label, Review
seeded, 1 ola tudo
tw-all, 2 tudo ola
seeded, 3 ola tudo
tw-all, 4 tudo ola
seeded, 45 ola tudo movie
seeded, 45 ola tudo good
seeded, 45 ola tudo bad
seeded, 45 ola tudo nice
seeded, 45 ola tudo movie
seeded, 45 ola tudo good
seeded, 45 ola tudo bad
seeded, 45 ola tudo nice
seeded, 45 ola tudo movie
seeded, 45 ola tudo good
seeded, 45 ola tudo bad
seeded, 45 ola tudo nice
seeded, 45 ola tudo movie
seeded, 45 ola tudo good
seeded, 45 ola tudo bad
seeded, 45 ola tudo nice
seeded, 45 ola tudo movie
seeded, 45 ola tudo good
seeded, 45 ola tudo bad
seeded, 45 ola tudo nice
tw-all, 46 tudo ola
seeded, 100 ola tudo
tw-all, 200 tudo ola
seeded, 1000 ola tudo
tw-all, 2000 tudo ola
seeded, 13434 ola tudo
tw-all, 245454 tudo ola
seeded, 16767 ola tudo
tw-all, 27676 tudo ola
seeded, 1 ola tudo
tw-all, 2 tudo ola
seeded, 3 ola tudo
tw-all, 4 tudo ola
seeded, 45 ola tudo
tw-all, 46 tudo ola
seeded, 100 ola tudo
tw-all, 200 tudo ola
seeded, 1000 ola tudo
tw-all, 2000 tudo ola
seeded, 13434 ola tudo
tw-all, 245454 tudo ola
seeded, 16767 ola tudo
tw-all, 27676 tudo ol
seeded, 1 ola tudo
tw-all, 2 tudo ola
seeded, 3 ola tudo
tw-all, 4 tudo ola
seeded, 45 ola tudo
tw-all, 46 tudo ola
seeded, 100 ola tudo
tw-all, 200 tudo ola
seeded, 1000 ola tudo
tw-all, 2000 tudo ola
seeded, 13434 ola tudo
tw-all, 245454 tudo ola
seeded, 16767 ola tudo
tw-all, 27676 tudo ol
seeded, 1 ola tudo
tw-all, 2 tudo ola wrong
seeded, 3 ola tudo best
tw-all, 4 tudo ola bad
tw-all, 2 tudo ola wrong
seeded, 3 ola tudo best
tw-all, 4 tudo ola bad
tw-all, 2 tudo ola wrong
seeded, 3 ola tudo best
tw-all, 4 tudo ola bad
tw-all, 2 tudo ola wrong
seeded, 3 ola tudo best
tw-all, 4 tudo ola bad
tw-all, 2 tudo ola wrong
seeded, 3 ola tudo best
tw-all, 4 tudo ola bad
seeded, 45 ola tudo
tw-all, 46 tudo ola
seeded, 100 ola tudo
tw-all, 200 tudo ola
seeded, 1000 ola tudo
tw-all, 2000 tudo ola
seeded, 13434 ola tudo VR
tw-all, 245454 tudo ola
seeded, 16767 ola tudo
tw-all, 27676 tudo ol
seeded, 1 ola tudo
tw-all, 2 tudo ola
seeded, 3 ola tudo AR
tw-all, 4 tudo ola
seeded, 45 ola tudo
tw-all, 46 tudo ola VR
seeded, 100 ola tudo
tw-all, 200 tudo ola
seeded, 1000 ola tudo interesting
tw-all, 2000 tudo ola
seeded, 13434 ola tudo
tw-all, 245454 tudo ola
seeded, 16767 ola tudo
tw-all, 27676 tudo ola
seeded, 1 ola tudo
tw-all, 2 tudo ola interesting
seeded, 3 ola tudo
tw-all, 4 tudo ola interesting
seeded, 45 ola tudo
tw-all, 46 tudo ola
seeded, 100 ola tudo
tw-all, 200 tudo ola
seeded, 1000 ola tudo
tw-all, 2000 tudo ola
seeded, 13434 ola tudo
tw-all, 245454 tudo ola
seeded, 16767 ola tudo
tw-all, 27676 tudo ol
seeded, 1 ola tudo
tw-all, 2 tudo ola
seeded, 3 ola tudo
tw-all, 4 tudo ola
seeded, 45 ola tudo
tw-all, 46 tudo ola
seeded, 100 ola tudo
tw-all, 200 tudo ola
seeded, 1000 ola tudo
tw-all, 2000 tudo ola
seeded, 13434 ola tudo
tw-all, 245454 tudo ola
seeded, 16767 ola tudo
tw-all, 27676 tudo ol
seeded, 1 ola tudo
tw-all, 2 tudo ola
seeded, 3 ola tudo
tw-all, 4 tudo ola
seeded, 45 ola tudo
tw-all, 46 tudo ola
seeded, 100 ola tudo
tw-all, 200 tudo ola
seeded, 1000 ola tudo
tw-all, 2000 tudo ola
seeded, 13434 ola tudo
tw-all, 245454 tudo ola
seeded, 16767 ola tudo
tw-all, 27676 tudo ol
seeded, 1 ola tudo
tw-all, 2 tudo ola
seeded, 3 ola tudo
tw-all, 4 tudo ola
seeded, 45 ola tudo
tw-all, 46 tudo ola
seeded, 100 ola tudo
tw-all, 200 tudo ola
seeded, 1000 ola tudo
tw-all, 2000 tudo ola
seeded, 13434 ola tudo
tw-all, 245454 tudo ola
seeded, 16767 ola tudo
tw-all, 27676 tudo ola
seeded, 1 ola tudo
tw-all, 2 tudo ola
seeded, 3 ola tudo
tw-all, 4 tudo ola
seeded, 45 ola tudo VR
tw-all, 46 tudo ola
seeded, 100 ola tudo
tw-all, 200 tudo ola
seeded, 1000 ola tudo AR
tw-all, 2000 tudo ola
seeded, 13434 ola tudo
tw-all, 245454 tudo ola
seeded, 16767 ola tudo
tw-all, 27676 tudo ol
seeded, 1 ola tudo
tw-all, 2 tudo ola
seeded, 3 ola tudo
tw-all, 4 tudo ola
seeded, 45 ola tudo
tw-all, 46 tudo ola
seeded, 100 ola tudo
tw-all, 200 tudo ola
seeded, 1000 ola tudo
tw-all, 2000 tudo ola
seeded, 13434 ola tudo
tw-all, 245454 tudo ola
seeded, 16767 ola tudo
tw-all, 27676 tudo ol
seeded, 1 ola tudo
tw-all, 2 tudo ola
seeded, 3 ola tudo
tw-all, 4 tudo ola
seeded, 45 ola tudo
tw-all, 46 tudo ola
seeded, 100 ola tudo
tw-all, 200 tudo ola
seeded, 1000 ola tudo
tw-all, 2000 tudo ola
seeded, 13434 ola tudo
tw-all, 245454 tudo ola
seeded, 16767 ola tudo
tw-all, 27676 tudo ol
seeded, 1 ola tudo
tw-all, 2 tudo ola
seeded, 3 ola tudo
tw-all, 4 tudo ola
seeded, 45 ola tudo
tw-all, 46 tudo ola VR
seeded, 100 ola tudo
tw-all, 200 tudo ola
seeded, 1000 ola tudo
tw-all, 2000 tudo ola
seeded, 13434 ola tudo
tw-all, 245454 tudo ola
seeded, 16767 ola tudo
tw-all, 27676 tudo ola
seeded, 1 ola tudo
tw-all, 2 tudo ola
seeded, 3 ola tudo AR BAd
tw-all, 4 tudo ola VR interesting
seeded, 45 ola tudo AR nice
tw-all, 46 tudo ola VR good
seeded, 100 ola tudo VR
seeded, 3 ola tudo AR BAd
tw-all, 4 tudo ola VR interesting
seeded, 45 ola tudo AR nice
tw-all, 46 tudo ola VR good
seeded, 100 ola tudo VR
seeded, 3 ola tudo AR BAd
tw-all, 4 great ola VR interesting
seeded, 45 ola tudo AR nice
tw-all, 46 tudo ola VR good
seeded, 100 ola tudo VR
seeded, 3 ola tudo AR BAd
tw-all, 4 tudo ola VR interesting
seeded, 45 ola tudo AR nice
tw-all, 46 tudo ola VR good
seeded, 100 ola tudo VR
tw-all, 200 tudo ola
seeded, 1000 ola tudo
tw-all, 2000 tudo ola
seeded, 13434 ola tudo
tw-all, 245454 tudo ola
seeded, 16767 VR tudo AR
tw-all, 27676 tudo ol
seeded, 1 VR tudo
tw-all, 2 tudo VR
seeded, 3 VR tudo
tw-all, 4 tudo VR
seeded, 45 VR tudo
tw-all, 46 tudo VR
seeded, 100 VR tudo
tw-all, 200 tudo VR
seeded, 1000 VR tudo
tw-all, 2000 tudo VR
seeded, 13434 VR tudo
tw-all, 245454 tudo VR
seeded, 16767 VR tudo
tw-all, 27676 tudo ol
seeded, 1 VR tudo
tw-all, 2 tudo VR
seeded, 3 VR tudo
tw-all, 4 tudo VR
seeded, 45 VR tudo
tw-all, 46 tudo VR
seeded, 100 VR tudo
tw-all, 200 tudo VR
seeded, 1000 VR tudo
tw-all, 2000 tudo VR
seeded, 13434 VR tudo
tw-all, 245454 tudo ola
seeded, 16767 ola tudo
tw-all, 27676 tudo ol
